1.000000000000000000e+09,3.334670723663791656e+09,7.730458563128056526e+08,9.666532877560366499e-01,2.269541467038462823e-01,6.673221395256649256e+08
2.434782608695652008e+09,7.317804871049331665e+09,1.856305248923563242e+09,9.268219512804586335e-01,2.375889156260627133e-01,1.573145056385493994e+09
3.869565217391304493e+09,1.054775419776276398e+10,2.906779511473463535e+09,8.945224578269148630e-01,2.488097892870438366e-01,2.413695313740648270e+09
5.304347826086956978e+09,1.347023706622376633e+10,3.948003694027914047e+09,8.652976277940211958e-01,2.557042225439231098e-01,3.201467611017761707e+09
6.739130434782608986e+09,1.590521600462330055e+10,4.957900930250417709e+09,8.409478364516018711e-01,2.643114769988637591e-01,4.022160555166327953e+09
8.173913043478260994e+09,1.809746415863195419e+10,5.955320881928112984e+09,8.190253574906770639e-01,2.714235097111492023e-01,4.767499130109728813e+09
9.608695652173913956e+09,2.017551288905294418e+10,6.948822748339498520e+09,7.982448710680302151e-01,2.768193520094408000e-01,5.450786687826464653e+09
1.104347826086956596e+10,2.184832056315517426e+10,7.901826889640212059e+09,7.815167943684269147e-01,2.844802422766864458e-01,6.142541077110877037e+09
1.247826086956521797e+10,2.329959446751623917e+10,8.830115047514907837e+09,7.670040553247806647e-01,2.923601181434383189e-01,6.766852814036630630e+09
1.391304347826086998e+10,2.480022736838134384e+10,9.769589957038293839e+09,7.519977263160478875e-01,2.978107218379556498e-01,7.449798544978643417e+09
1.534782608695652199e+10,2.618482003885023499e+10,1.069610228295389366e+10,7.381517996111802704e-01,3.030868200910134536e-01,8.049218318931165695e+09
1.678260869565217400e+10,2.744925378801200867e+10,1.160701811634328461e+10,7.255074621192270090e-01,3.083901122390065863e-01,8.658496251367357254e+09
1.821739130434782791e+10,2.847147128124454498e+10,1.248032235934784508e+10,7.152852871863735196e-01,3.149226389863964415e-01,9.245143995604492188e+09
1.965217391304347992e+10,2.972611471150838470e+10,1.340080964546601486e+10,7.027388528827333003e-01,3.181003941479689234e-01,9.831542353976755142e+09
2.108695652173913193e+10,3.092191727909839630e+10,1.431495567957577324e+10,6.907808272051838561e-01,3.211464316925498053e-01,1.031806162134492493e+10
2.252173913043478394e+10,3.171866763175452805e+10,1.514937199784563637e+10,6.828133236766248393e-01,3.273444865857099151e-01,1.082117909105527496e+10
2.395652173913043594e+10,3.254224930768362045e+10,1.598652577232077026e+10,6.745775069142617708e-01,3.326858570592206576e-01,1.139929656600849152e+10
2.539130434782608795e+10,3.340918628925540543e+10,1.684000325005017662e+10,6.659081370955470813e-01,3.367806939265847732e-01,1.192471954178511238e+10
2.682608695652173996e+10,3.399557508873949051e+10,1.761697239362529755e+10,6.600442491040655613e-01,3.432895217987266268e-01,1.238457512437793159e+10
2.826086956521739197e+10,3.491571827905286407e+10,1.848798043197021866e+10,6.508428171957043595e-01,3.458099231847696631e-01,1.288579821940309143e+10
2.969565217391304398e+10,3.593841066258386993e+10,1.939518918669677353e+10,6.406158930906596938e-01,3.468677142443094552e-01,1.327147884223873901e+10
3.113043478260869598e+10,3.628061532062415314e+10,2.010600009740287399e+10,6.371938467483896362e-01,3.541368684072389028e-01,1.377326219346513367e+10
3.256521739130434799e+10,3.689271489979177094e+10,2.089342058822674179e+10,6.310728509509131445e-01,3.584129859728962808e-01,1.420350761817531204e+10
3.400000000000000000e+10,3.785679060983695221e+10,2.180090706503447723e+10,6.214320938322259735e-01,3.587968510717013393e-01,1.456979513742420769e+10
3.543478260869565582e+10,3.828084019792178345e+10,2.252780942517189026e+10,6.171915979363172822e-01,3.642458690357364137e-01,1.501278483169615936e+10
3.686956521739130402e+10,3.893947209495104218e+10,2.334220915477902222e+10,6.106052789475846510e-01,3.668976291212191487e-01,1.539837898319654655e+10
3.830434782608695984e+10,3.949473709967086029e+10,2.411791955834798431e+10,6.050526288813853348e-01,3.703607834566858825e-01,1.587176378647224426e+10
3.973913043478260803e+10,3.997279979112545013e+10,2.486865610907969666e+10,6.002720019582532540e-01,3.742023080596073026e-01,1.613479257353538704e+10
4.117391304347826385e+10,4.056906164159862518e+10,2.566238160575431061e+10,5.943093835011130643e-01,3.767320201876681596e-01,1.663036383208374596e+10
4.260869565217391205e+10,4.110533586890205383e+10,2.643244677398640060e+10,5.889466412070339940e-01,3.796466574114344406e-01,1.699931254807850456e+10
4.404347826086956787e+10,4.140943251433604431e+10,2.711161820316905212e+10,5.859056747838907730e-01,3.844351247529603222e-01,1.734081950048670959e+10
4.547826086956521606e+10,4.204793192850014496e+10,2.793405433836444855e+10,5.795206806849030334e-01,3.857712717382058565e-01,1.777354569548085785e+10
4.691304347826087189e+10,4.261181401361378479e+10,2.872975150630392838e+10,5.738818598554040751e-01,3.875956583512319420e-01,1.813639089585644913e+10
4.834782608695652771e+10,4.266844443083467102e+10,2.928546190064001083e+10,5.733155556883182680e-01,3.942755182443845596e-01,1.851142809561468887e+10
4.978260869565217590e+10,4.336603292973790741e+10,3.014809297316249847e+10,5.663396707016249421e-01,3.944051193170575731e-01,1.878267182168358231e+10
5.121739130434783173e+10,4.374804886017054749e+10,3.086041351302350998e+10,5.625195112536294229e-01,3.974622150237828166e-01,1.912551267134005737e+10
5.265217391304347992e+10,4.404139227271688843e+10,3.152820216582674789e+10,5.595860770150882235e-01,4.011984726358791553e-01,1.945334369415991592e+10
5.408695652173913574e+10,4.442580846059407043e+10,3.223885330603866196e+10,5.557419149358667765e-01,4.039440307517281892e-01,1.968776782361519241e+10
5.552173913043478394e+10,4.475330248352075958e+10,3.292219159622980499e+10,5.524669748227273303e-01,4.070396189982341539e-01,2.004330786410823441e+10
5.695652173913043976e+10,4.503064695585518646e+10,3.357736211139778900e+10,5.496935302899325082e-01,4.104737950299908178e-01,2.044655166696031189e+10
5.839130434782608795e+10,4.562667833725159454e+10,3.441380589992501831e+10,5.437332166027840641e-01,4.106347463181089785e-01,2.064672358452316284e+10
5.982608695652174377e+10,4.585554743556515503e+10,3.504224785183715057e+10,5.414445255927209377e-01,4.142647525181368806e-01,2.102641466719114685e+10
6.126086956521739197e+10,4.619982733731571960e+10,3.573744398406704712e+10,5.380017265578992403e-01,4.166350521245643090e-01,2.130750635824946213e+10
6.269565217391304779e+10,4.651727865997416687e+10,3.641545560847792053e+10,5.348272133280874696e-01,4.191709577571535172e-01,2.156530661023781204e+10
6.413043478260869598e+10,4.687552000460105896e+10,3.712408015744606018e+10,5.312447999254070741e-01,4.211160382451617501e-01,2.184519208938702393e+10
6.556521739130435181e+10,4.708105007490559387e+10,3.772955274666598511e+10,5.291894992508755502e-01,4.245492618214478098e-01,2.207311569024068451e+10
6.700000000000000000e+10,4.728881536663510895e+10,3.833957986217965698e+10,5.271118463334293347e-01,4.277674647437171851e-01,2.248485355200228500e+10
6.843478260869565582e+10,4.764543050832368469e+10,3.904563380505545044e+10,5.235456949161011453e-01,4.294475365211888884e-01,2.276384318387918091e+10
6.986956521739131165e+10,4.798504424983061218e+10,3.974261867486644745e+10,5.201495575001879867e-01,4.311884072679197377e-01,2.304342019794804764e+10
7.130434782608695984e+10,4.799907254340129089e+10,4.021392532881721497e+10,5.200092745280271433e-01,4.360242179861191225e-01,2.328817853160456467e+10
7.273913043478260803e+10,4.847406331396038055e+10,4.100902433272706604e+10,5.152593668541665117e-01,4.362178364340921766e-01,2.352782024816498184e+10
7.417391304347827148e+10,4.874800898682442474e+10,4.166319055411962128e+10,5.125199101206130425e-01,4.383039960534574897e-01,2.373462782839992523e+10
7.560869565217391968e+10,4.936342299600610352e+10,4.256914329311257935e+10,5.063657700222155000e-01,4.369808535237946212e-01,2.395766481191160965e+10
7.704347826086956787e+10,4.928612622659777069e+10,4.296103761428363800e+10,5.071387377047120726e-01,4.423793086369213201e-01,2.427267424909882736e+10
7.847826086956521606e+10,4.966043049483720398e+10,4.369565712633804321e+10,5.033956950074616188e-01,4.432132333216976527e-01,2.448191648167846298e+10
7.991304347826087952e+10,4.982587691178167725e+10,4.426985314174956512e+10,5.017412308205873028e-01,4.460246886905651631e-01,2.472238328772858810e+10
8.134782608695652771e+10,5.000318459704897308e+10,4.484997253176534271e+10,4.999681539443567857e-01,4.486641538609843494e-01,2.492827117839309311e+10
8.278260869565217590e+10,5.028649767214053345e+10,4.551628312133866882e+10,4.971350231614063975e-01,4.501709497668767712e-01,2.524537058230145264e+10
8.421739130434782410e+10,5.043814209186909485e+10,4.607288708136405182e+10,4.956185789231322136e-01,4.529290641878354062e-01,2.552292693312234116e+10
8.565217391304348755e+10,5.076767593407984161e+10,4.678101099309281921e+10,4.923232404739499857e-01,4.538257601028894972e-01,2.565274287351947784e+10
8.708695652173913574e+10,5.081095669869765472e+10,4.724368602126785278e+10,4.918904327915671337e-01,4.575113438896356022e-01,2.595071261207969284e+10
8.852173913043478394e+10,5.121211196331834412e+10,4.801723276175706482e+10,4.878788801243874040e-01,4.575656418554010507e-01,2.599927681759623718e+10
8.995652173913043213e+10,5.132499266563451385e+10,4.853782072220981598e+10,4.867500730561820088e-01,4.604302193353704276e-01,2.646438524925968933e+10
9.139130434782609558e+10,5.157875843254023743e+10,4.918375127098507690e+10,4.842124153973600964e-01,4.618333592705680668e-01,2.662807225632125092e+10
9.282608695652174377e+10,5.183279852555881500e+10,4.983211211254654694e+10,4.816720144826636685e-01,4.631669423100583938e-01,2.681385328555725479e+10
9.426086956521739197e+10,5.192757019740146637e+10,5.033296043300358582e+10,4.807242978221295537e-01,4.660248664182689016e-01,2.700902121094375229e+10
9.569565217391305542e+10,5.217335404970946503e+10,5.097441789936877441e+10,4.782664593444963530e-01,4.673277549268680664e-01,2.715718920926136398e+10
9.713043478260870361e+10,5.225319626044143677e+10,5.145718139809457397e+10,4.774680372869622991e-01,4.702259749347186268e-01,2.739556776429565811e+10
9.856521739130435181e+10,5.242948421747270203e+10,5.203148411177046967e+10,4.757051588012254362e-01,4.721110995132418164e-01,2.766551893917219925e+10
1.000000000000000000e+11,5.284369560611608124e+10,5.284369560611640167e+10,4.715630439382487160e-01,4.715630439382494377e-01,2.772425143405765533e+10
